sequence,resid,syn_occupancy,unstacked_neighbor_fraction,unstacked_any_fraction,outward_projection_mean,base_normal_backbone_mean_deg,chi_circular_mean_deg,nonlocal_contact_mean,C1_RMSF_A
dA40,1,1,0.894,0.018,0.58548912,32.223371,48.920184,2,2.8994735
dA40,2,0.928,0.184,0.184,0.47185202,32.71939,-73.383248,1.138,2.5465511
dA40,3,0.734,0.152,0.152,0.44168028,39.443935,-82.094047,0.45,2.600472
dA40,4,0.61,0.428,0.428,0.3009755,83.888326,-87.096254,2.868,2.8202008
dA40,5,0.318,1,0.582,-0.57448787,59.247494,-99.121487,2.19,2.3243485
dA40,6,0.572,0.446,0.404,-0.56519407,21.019627,-87.924245,2.024,3.0768547
dA40,7,0.976,0.204,0.204,0.62999567,34.199886,-59.485221,0.754,3.9897137
dA40,8,0.954,0.248,0.248,0.72897257,83.106819,-69.874874,0,5.2115262
dA40,9,0.952,0.506,0.476,0.82967049,47.983554,-73.567183,1.91,3.5728343
dA40,10,0.874,0.522,0.52,0.75067573,45.703213,-77.365796,3.526,2.732732
dA40,11,0.146,0.948,0.578,0.55170849,66.126944,-107.19608,2.476,2.0237327
dA40,12,0.974,1,1,-0.22594824,78.872667,-63.940765,2.422,2.879974
dA40,13,0.782,1,0.018,0.76117788,56.791701,-74.337789,1.054,3.5550851
dA40,14,0.702,0.932,0.932,0.042855879,64.79684,-73.028591,0.006,3.4097424
dA40,15,0.728,0.932,0.932,-0.067543427,55.370367,-79.496566,0.122,3.2889446
dA40,16,0.826,0.234,0.234,0.14594709,34.547046,-77.842693,0,2.7666081
dA40,17,0.538,0.068,0.068,0.5440061,40.420172,-88.467471,0,2.5609447
dA40,18,0.336,0.124,0.124,0.71167698,41.627108,-101.05208,0.27,2.6800344
dA40,19,0.132,0.358,0.358,0.5081649,52.456695,-123.97721,0.862,3.074521
dA40,20,0.85,1,0.172,0.14294913,41.538649,-71.797849,0.796,2.7365354
dA40,21,0.878,1,0.978,0.50489382,21.722926,-70.373229,0.266,2.3988047
dA40,22,0.786,1,0.834,0.25330495,39.147493,-79.194642,0.93,3.1829357
dA40,23,0.354,0.45,0.166,0.80384434,37.042467,-94.130512,1.74,2.0841666
dA40,24,0.098,0.45,0.062,0.50931169,42.077714,-109.43439,2.402,2.1859585
dA40,25,0.992,0.042,0.042,0.73119228,29.965792,-62.851004,0.12,3.430063
dA40,26,0.228,0.01,0.01,0.49172046,43.551094,-98.379204,0.644,2.3047956
dA40,27,0.05,0.384,0.008,0.0008067706,47.435935,-111.60547,2.114,2.1410348
dA40,28,0.998,0.002,0.002,-0.82631298,75.336151,-54.852722,1.902,2.2920692
dA40,29,0.616,0.002,0.002,-0.82797249,43.026866,-86.82973,0.518,2.028484
dA40,30,0.332,0.134,0,-0.6014526,43.065857,-95.105171,1.988,2.153404
dA40,31,0.92,1,1,-0.56236992,51.407044,-69.524463,3.852,2.232309
dA40,32,0.796,1,1,0.61164321,28.740115,-74.499058,1.686,2.9014719
dA40,33,0.964,0.034,0.034,-0.55366453,69.373771,-71.099094,1.95,2.5598276
dA40,34,0.316,0.034,0,-0.61746808,52.733215,-99.077349,1.182,1.8394717
dA40,35,0.612,1,1,0.75086639,53.599253,-88.744154,0.672,3.0378125
dA40,36,0.048,0.51,0,-0.0083668868,66.785061,-117.80456,3.988,1.5477365
dA40,37,0.858,0.042,0.042,0.48957468,32.42687,-77.924812,1.966,1.6850535
dA40,38,0.524,0.084,0,0.58269373,84.764302,-89.545965,2.438,1.9964863
dA40,39,0.638,1,1,-0.43451749,43.563116,-86.839077,0.314,4.0502865
dA40,40,0.99,1,1,0.83311661,31.177869,-62.046702,4.848,1.7932466
dT40,1,0.022,1,0.006,0.70267714,41.937772,-126.56882,4.53,2.1619999
dT40,2,0.748,1,0.01,-0.32794815,27.692419,-82.740818,2.976,2.4203864
dT40,3,0.192,0.082,0.082,-0.10126834,77.933714,-101.23545,0.272,4.2587336
dT40,4,0.05,0.01,0.01,-0.4493849,32.15292,-130.09232,1.012,4.5953764
dT40,5,0.024,0.016,0.016,-0.66280374,15.146115,-130.76034,0.98,5.2282949
dT40,6,0.004,0.09,0.09,0.014495638,67.38441,-147.84814,0.824,3.8868997
dT40,7,0,1,0,-0.94393808,18.903865,-149.9257,3.58,2.563923
dT40,8,0.238,1,1,-0.17429559,45.685401,-105.85205,0.982,5.165062
dT40,9,0.032,0.994,0.994,0.34759622,81.783944,-124.99166,0,3.9702043
dT40,10,0.292,0.994,0.994,0.50516184,55.600721,-102.83804,1.682,2.8078718
dT40,11,0.018,1,0.038,0.79519169,71.276103,-122.87514,2.302,2.4761459
dT40,12,0.262,1,0.01,0.67235647,55.397438,-98.947702,1.156,3.1028943
dT40,13,0.104,1,0.204,0.43432143,74.806778,-114.32487,1.008,4.6671992
dT40,14,0.244,1,1,0.47878257,59.48966,-107.98348,0.004,5.1379559
dT40,15,0.946,1,0.02,0.70066843,32.187674,-65.601941,1.43,3.6324722
dT40,16,0.14,1,1,0.68561106,76.120904,-107.60659,2.978,2.6074041
dT40,17,0.386,1,0.728,-0.63400755,77.885219,-94.506429,2.092,2.5848249
dT40,18,0.868,1,0.082,0.57134979,52.131605,-76.121746,1.886,3.2017778
dT40,19,0.552,1,0.408,0.73098335,27.190546,-89.365015,2.066,3.3324833
dT40,20,0.196,1,1,-0.059577437,71.165628,-106.30488,1.07,3.3585659
dT40,21,0.204,1,0.408,0.38438541,73.841394,-102.73802,0,2.9734291
dT40,22,0,1,0.728,-0.12046718,63.360652,-142.99261,3.832,2.0670803
dT40,23,0.252,1,0.746,0.73644735,70.833683,-104.72275,2.448,2.3248443
dT40,24,0.146,1,0.218,-0.55482157,76.204449,-103.94165,3.226,2.5426917
dT40,25,0.068,0.856,0.856,0.40815956,46.419311,-120.02665,0,4.3990467
dT40,26,0.402,0.856,0.856,0.39308464,62.595121,-101.38181,1.068,4.7285492
dT40,27,0.644,1,0.61,-0.38669648,33.798789,-84.091638,2.374,2.6908958
dT40,28,0.91,0.998,0.256,-0.83773854,57.264521,-71.053997,1.038,3.4484897
dT40,29,0.51,0.836,0.748,-0.76203049,60.243511,-93.881594,0.542,3.4496123
dT40,30,0.41,0.838,0.82,-0.64750181,41.787225,-94.891041,0.732,3.0618597
dT40,31,0.406,1,0.374,0.68556731,41.857714,-94.45892,2.616,3.6810909
dT40,32,0,0.03,0.03,0.49431895,32.809999,-146.20389,0.69,3.2379356
dT40,33,0.002,0.03,0.03,-0.50818139,84.409684,-133.89875,0.602,3.2589071
dT40,34,0.616,1,0.084,0.19995906,17.102828,-87.196931,1.172,2.8384943
dT40,35,0.062,1,0.374,-0.70917967,71.909312,-113.46054,1.488,4.2680482
dT40,36,0.14,1,0.084,-0.54341647,78.283619,-103.17644,0.954,3.4550334
dT40,37,0.394,1,0.272,-0.60047775,41.521842,-96.837862,1.39,4.720755
dT40,38,0.26,1,1,0.15260615,59.730343,-107.21511,0.002,4.3443343
dT40,39,0.312,1,0.838,-0.34484014,45.458334,-100.82795,0.01,5.5748941
dT40,40,0.054,1,0.434,-0.5844469,65.505666,-118.47007,1.114,5.5302996
