step,time_ns,rg_A,end_to_end_A,lead_z_A,tail_z_A,dna_COM_z_A,lead_radius_A,lead_above_cis_CA_plane_A,c1_below_trans_CA_plane,minimum_DNA_protein_heavy_A,contact_pairs_3p5A,contacting_DNA_residues_3p5A,contacting_protein_atoms_3p5A,stacked_adjacent_pairs_ring_centers,dna_max_bond_A,nearest_DNA_image_A
0,0.0,28.80958596977325,62.03187421011726,86.6544275947268,148.4587177979228,116.90941784661591,2.283033901407058,9.981803326710775,0,2.688539241883101,6,2,6,11,1.6480105179217528,103.87281259749584
25000,0.024999999999999998,28.51982267374527,61.83907510576404,87.05553464210212,148.62485462290988,117.00897300245344,0.789702656116699,10.382910374086094,0,2.6671959472821225,6,2,6,11,1.6654498294594549,105.69614873985205
50000,0.049999999999999996,28.588591013275668,61.503694097410566,86.99306448090975,148.19128265024693,116.96268232000646,0.46470001016919305,10.320440212893729,0,2.6112896778983217,3,2,3,12,1.6723379833738874,105.89793477751196
75000,0.075,28.823700703990795,62.644136064565814,86.17342618323977,148.53968097433307,116.7019451344293,0.5742043639454144,9.500801915223747,0,2.9128097183302315,5,2,5,11,1.6581707294097225,103.89957303054672
100000,0.09999999999999999,28.718715051241333,62.63966804569715,85.55763209718634,147.876413711741,116.08514876776725,0.3509463277276028,8.88500782917032,0,2.587736995976921,7,2,6,12,1.6399936605929601,104.39806307818682
125000,0.125,28.670592042102545,62.840717461691646,85.54574651075687,148.08637947773704,115.99469513133704,0.6291698222264501,8.873122242740848,0,2.7145814253792815,5,2,5,10,1.657241205179024,105.75963318762327
150000,0.15,28.82529908504525,62.76582931469848,85.85682639404516,148.33853187305175,116.45988414811103,0.836069699302163,9.184202126029135,0,2.65526685007377,9,2,7,8,1.6412950632852528,105.72154713568094
175000,0.175,28.891915131527682,62.6769160443506,85.0936726400712,147.3552796394248,116.03573344875691,0.4878377512084157,8.421048372055182,0,2.492415555128832,9,3,8,10,1.6540155470163636,104.54475718176474
200000,0.19999999999999998,29.145382717288715,62.29594618419899,85.73766428351799,147.66771958344742,116.13363034244358,2.2224828816815627,9.065040015501964,0,2.675481966172021,10,2,8,11,1.6700049143906355,105.91710076869913
225000,0.22499999999999998,28.93542657827595,62.745121591672806,84.9299035671072,147.21124518447672,116.24704588393028,3.338367677427425,8.25727929909118,0,2.757690542671755,7,2,6,9,1.679350823486494,106.44545472799534
250000,0.25,29.157684330094092,62.89552328099161,85.09544417085502,147.52449032858672,116.05046763574548,2.386428533129249,8.422819902838995,0,2.7410092551337017,12,2,8,11,1.657426424777849,107.85482291186018
275000,0.27499999999999997,29.187340094121883,63.161149070054584,83.84124411517425,146.6373370936298,115.82052041953399,1.8570377057810792,7.168619847158226,0,2.521074088095256,7,3,6,11,1.6606686825982777,105.68340206596721
300000,0.3,29.286213874483597,63.83226787049649,84.60502473008782,147.95011844187258,115.96787334711641,2.570101114273133,7.932400462071797,0,2.6366137267748377,14,3,9,11,1.6546725294260936,105.86944488813413
325000,0.325,29.803225144973357,64.86940536839495,83.89793096866745,148.34786807384697,116.25384717682974,1.9676470497757856,7.22530670065143,0,2.592651758432931,8,2,6,13,1.6514345923613334,106.37477507918958
350000,0.35,29.977291719360075,66.48285605195792,84.2259123318718,150.41230716886628,116.71534432399075,2.390975581002842,7.553288063855774,0,2.603245109255426,10,3,5,12,1.6487799145659119,106.76189513734403
375000,0.375,29.904618391924558,67.73824773630312,82.96925102030553,150.32963842079147,116.33100789930141,3.255101736030305,6.296626752289512,0,2.901483056227705,5,2,3,10,1.6574562069458265,106.81807857068917
400000,0.39999999999999997,29.643174012306236,65.96575540927209,84.341148825648,149.99152188275616,116.0002254124202,4.489212515844035,7.668524557631983,0,2.675717417615243,7,3,5,12,1.6555229912667564,107.03819633306694
425000,0.425,29.621157844693396,66.4248831836019,83.53275096232049,149.7823058360216,116.23918836580631,4.002976191551519,6.860126694304469,0,2.5550050401194944,4,2,4,12,1.6307661368543847,107.97325792097728
450000,0.44999999999999996,29.75031099273947,66.03605582092229,83.60846912532148,149.347417151138,116.45169752008826,5.065251459153923,6.9358448573054545,0,2.8526279642082852,9,3,7,12,1.6473521147164956,107.69853084741595
475000,0.475,29.96957369236047,67.11658995310157,83.44580854061499,150.3902940174131,116.81336932858548,5.362403930144456,6.773184272598968,0,2.8780352501518816,3,2,3,12,1.6908880395326913,108.24701679353386
500000,0.5,29.731112607932403,65.30504629733389,83.52670669501646,148.67309387336104,116.53696870412107,3.361671874865058,6.854082427000435,0,2.7371863626761677,6,3,6,7,1.6422059381701022,107.75165042688114
525000,0.525,29.837569751959368,66.22428985043862,82.87583386296973,148.91535101382237,116.32115453117066,3.2987997166758247,6.203209594953705,0,2.7485534128670817,8,2,6,10,1.6359092393308108,105.72276249689031
550000,0.5499999999999999,30.009303774262783,65.55632567847611,82.31395388788457,147.74240548817465,115.88200473623903,3.45042760005705,5.641329619868543,0,2.6141819290415804,8,3,6,10,1.6414533392118549,104.68496929259561
575000,0.575,29.66512256658945,64.70917370590675,83.29456156759525,147.95117536707343,115.85640476578008,4.063881821749219,6.62193729957923,0,2.7657932042814317,10,2,7,10,1.65628255998155,106.51974353527476
600000,0.6,29.16254936627897,62.759924057301895,84.32486288043306,147.01613209014326,115.62236842886755,4.583233128431783,7.652238612417037,0,2.7700398490205718,8,2,6,9,1.6670185720299195,106.80063278979644
625000,0.625,29.421913948241727,62.07122647663732,84.39523990503493,146.23829017646696,115.801424555789,4.608975210867415,7.7226156370189045,0,2.7834452924248474,6,3,4,7,1.674054630057003,107.43377316174266
650000,0.65,29.331928822725654,62.42481459641804,84.33364397516365,146.57872778668025,115.88681010740794,4.4253257867872176,7.661019707147631,0,2.753537451830905,11,3,7,9,1.6340998896634114,106.19312974005099
675000,0.6749999999999999,29.330997364953426,61.81280864034253,85.25213566465874,146.91486327154846,116.44918132097388,4.845587092970641,8.579511396642715,0,2.859176686944466,3,2,3,10,1.6295358142113021,106.68216700875121
700000,0.7,29.40637480977411,61.336453846837955,84.88450521076587,146.14007893365152,116.24709601225769,3.4342534135232463,8.211880942749843,0,2.677054411455581,7,2,5,9,1.6495929942256728,106.51210906466028
725000,0.725,29.19181542506226,62.11712663894126,84.44369673526253,146.45491728842984,116.11332270599536,4.361794702629841,7.771072467246512,0,2.711034083730921,7,3,6,12,1.653968136358704,104.39402078327437
750000,0.75,29.366209339267662,63.29218084103038,83.24545816495962,146.48014587692404,116.02304018732342,3.28781697113653,6.572833896943592,0,2.741479749707264,9,3,8,11,1.653298457850078,105.75355895027529
775000,0.7749999999999999,29.323767463001584,62.182624296291515,84.08674241757396,146.15920833652822,116.44225942634284,4.577428221529471,7.414118149557936,0,2.5427896278335673,9,3,6,10,1.649737044823313,104.3048781559074
800000,0.7999999999999999,29.374798945884415,63.95426008632725,83.63401852446515,147.54365190908078,116.46640805561054,3.9531667507807438,6.961394256449125,0,2.683938730031206,5,2,4,11,1.6466501172458183,104.14884747976643
825000,0.825,29.303182234154438,63.221055517209386,85.18464616553089,148.34685140143998,116.6098386013666,2.885707809257763,8.51202189751487,0,2.770534093508734,7,3,4,12,1.6484331917670374,106.2879682490616
850000,0.85,29.221791232914935,62.44923474900725,85.3359795337986,147.72709701166917,116.43920159998625,5.240651184804313,8.66335526578257,0,2.682770914796031,13,3,5,13,1.6528245208718855,104.40625986200233
875000,0.875,29.246730734584617,63.67207971321535,84.08162129140398,147.636425728551,116.27256418228268,6.852010023496046,7.408997023387954,0,2.6398712608791257,6,3,5,12,1.648997480405674,103.99469721113226
900000,0.8999999999999999,28.909988692751988,63.159060865085785,84.47471457856892,147.55302449870746,115.83569720383589,7.370427284277995,7.802090310552899,0,3.161098931522015,6,2,3,12,1.6382449904771494,103.29031425685073
925000,0.9249999999999999,28.957369347615522,63.965304765399594,83.91317583416836,147.72287373931,116.0851569693036,6.5055174751248,7.240551566152334,0,2.641474039166009,9,2,7,10,1.651019992313692,101.61570904193316
950000,0.95,28.79298922627473,62.84026088038466,84.51042155965894,147.16831339788857,116.2527838121367,6.852548704983543,7.837797291642914,0,2.6244316173641624,7,2,7,10,1.6589933734679478,102.32140923467935
975000,0.975,28.724089365784014,63.543047299395546,83.87474048587947,147.1494589922941,115.90215065163439,8.062698660924266,7.202116217863448,0,2.8958575562533095,6,2,5,10,1.648941077833531,102.72014296554573
1000000,1.0,28.659900567651356,61.83777188430985,85.53952179508006,147.04963499949903,116.46456824680594,7.743895521319763,8.86689752706404,0,2.7903326333618863,4,2,4,11,1.6688047317146593,104.57619126893202
1025000,1.025,29.157160315791923,63.97670264771858,84.64767983715512,148.1370421107413,116.56678578007202,9.264397455218981,7.975055569139101,0,2.708245182496793,9,2,5,10,1.6342767243571306,102.3774318069458
1050000,1.05,29.389362772526713,64.3731167070501,85.52880606568851,149.35535652455002,117.3016192419343,10.111963464010266,8.856181797672491,0,2.6335172640772417,6,2,5,10,1.6699242621820176,102.33295087671915
1075000,1.075,29.479222249283175,63.59351004067455,86.66907366864874,149.72999073633622,117.55692867245705,9.978019551968297,9.996449400632713,0,2.6942579879845434,8,3,6,10,1.6309288857417428,102.60132129623831
1100000,1.0999999999999999,29.80676515729348,65.6071991935267,85.85106457556066,151.0237139519806,117.6893281469863,9.622310830024063,9.178440307544633,0,2.8302555091555233,10,4,6,10,1.6654210497792081,101.60804158562527
1125000,1.125,29.544958662773972,64.96913806535208,86.4309079688731,150.78686557910436,117.76795194028148,10.329464009480242,9.758283700857078,0,3.0709921534483486,9,3,6,12,1.6756846637666318,104.03030299815592
1150000,1.15,29.66176828683221,65.1936300001577,86.34319303898737,151.0188495918546,118.03422090749015,10.702417798294793,9.670568770971343,0,2.9546028618915607,11,4,6,10,1.646249418333732,103.37098483575576
1175000,1.175,29.68011530850318,64.64239427465098,86.11634656089998,150.54481056354945,117.57361307186754,8.916648188483187,9.443722292883962,0,2.707764183270047,8,2,6,9,1.639845126072719,102.74277600811642
1200000,1.2,29.586815174689356,64.94907125374361,85.78644328527031,150.67299941402973,117.28502805465153,7.610306946112995,9.113819017254286,0,2.771306136872231,8,2,6,9,1.6592818797285678,103.12181084605578
1225000,1.2249999999999999,29.598319167293184,64.50303588805984,85.89917057817024,150.31114042262845,117.27648926534549,7.303809080678879,9.22654631015422,0,2.6943463644262704,10,3,7,10,1.6393273959616657,103.24005303455252
1250000,1.25,29.348604374001287,64.93805802627232,85.47413931113974,150.3391334676493,116.91545435632332,8.748348499462184,8.801515043123715,0,2.7236510237504823,9,3,5,11,1.6427146294805122,102.84680172725355
1275000,1.275,29.63199792743728,66.09645908263178,85.22314912640837,151.17427550657015,117.1996262488312,9.73850375633047,8.55052485839235,0,2.5399854337541554,15,3,9,12,1.6560068623870645,105.42339423171596
1300000,1.3,29.91152541826646,65.31961024577443,86.27377708272893,151.509865286867,117.55787943217268,9.46669098842112,9.601152814712904,0,2.6418280947508483,9,3,6,12,1.6516112087532582,107.51279009518734
1325000,1.325,29.6986130610209,66.33640436665463,85.61060323234133,151.8030328857871,117.1264817024575,9.449286924884117,8.93797896432531,0,2.7682869154933614,10,3,5,10,1.6332646272455138,106.04692948949474
1350000,1.3499999999999999,29.650157815640217,65.49962819980662,86.29168447938612,151.6914071087477,116.84123004772772,9.335630829808181,9.619060211370098,0,2.7598094917092344,12,2,8,12,1.6654440579036536,106.53128186657284
1375000,1.375,29.899068199191444,65.75771245046593,85.5423696076935,151.19537570956953,116.8639316256642,9.088931041287427,8.869745339677479,0,2.9219421368991405,11,3,6,10,1.6679890249204727,105.48295928820976
1400000,1.4,30.146260285092968,67.70852318581566,84.79365119871535,152.3704046537218,117.15803804749063,9.58642366098305,8.12102693069933,0,2.6721470519878934,12,3,8,10,1.642698727800558,104.66660457414693
1425000,1.425,30.01062003778826,66.40414593479218,85.39118876922922,151.71341492862135,116.79578011781925,8.788804355661005,8.718564501213194,0,2.5793215300209957,11,3,7,12,1.6650373884815846,105.93744048555436
1450000,1.45,29.800529585086192,64.6407252595669,85.43922013191178,150.02316457201763,116.88892417031305,9.414952693411566,8.766595863895759,0,3.0126861946576686,7,2,4,10,1.659041523630112,105.10154003513516
1475000,1.4749999999999999,29.617768099154457,64.7151966141476,85.44752838740166,150.13336929366704,116.66885727172172,9.049392764139546,8.774904119385639,0,2.7864164592334446,8,3,6,9,1.6568459273747322,106.06762366342149
1500000,1.5,29.464313646430522,64.28208453361009,85.52348928986936,149.73390870983178,116.58043303379107,9.166727663487706,8.850865021853338,0,3.172802281622394,5,2,4,10,1.6392415449658275,104.05970721200747
1525000,1.525,29.483805111579954,63.733896742169655,86.37180184910795,150.03771764047838,116.81967725624425,9.35393995382926,9.69917758109193,0,3.1575292184728023,3,2,2,11,1.651195957712224,103.3309810010438
1550000,1.5499999999999998,29.34973038185969,63.553007898623726,86.6486618671981,150.16764312532206,116.44119124491756,8.88197508660997,9.976037599182078,0,2.869931533061176,3,1,1,11,1.6510042210690845,104.66441417479305
1575000,1.575,29.430434838959677,63.97964865023548,86.23744976164642,150.20703260636927,116.63249472125507,9.192300655573469,9.564825493630394,0,2.987998602552166,6,3,2,11,1.6490545093144382,103.8487253639479
1600000,1.5999999999999999,29.25234026925061,64.67921642823345,85.75399347227508,150.4145833032894,116.56599932783347,8.605035753129785,9.081369204259062,0,3.0130462398536926,6,3,4,11,1.6480614327397982,103.40115709880722
1625000,1.625,29.310936904116872,64.70490174960838,85.76709695144305,150.41402942501708,116.37331184113215,9.336050216893407,9.094472683427028,0,2.714734024081313,2,2,2,10,1.6405315709076196,103.56011520233601
1650000,1.65,29.28850739222619,61.88552372087618,86.84916054655923,148.6744233828305,116.38411436217638,8.90404666758652,10.17653627854321,0,2.9492284574975556,8,3,6,11,1.6573409214541042,102.74335253288432
1675000,1.6749999999999998,28.785415435754906,60.287167079598994,86.25962268002239,146.52344799646505,115.75944261046202,8.728577371378119,9.586998412006366,0,2.824043643253247,3,2,3,9,1.6368635300478254,103.19172042991211
1700000,1.7,28.6305657346028,59.83871996919066,86.09066972612601,145.88295758481712,115.2986901339686,8.770025981215413,9.418045458109987,0,2.9758094133933635,8,4,7,10,1.6458814848709196,102.98461451634462
1725000,1.7249999999999999,28.656138951984644,59.761157768128044,86.5615882586936,146.31448760166793,115.59226667831298,8.148288828147493,9.888963990677581,0,2.7222673821264696,8,3,5,9,1.6450442647157395,103.18961824212492
1750000,1.75,28.896097123607206,61.730578525606795,85.70277497805056,147.4296422062189,115.7311745529098,8.446822748567632,9.030150710034533,0,2.6870862321999023,8,3,5,12,1.6549201343244473,102.6053692459592
1775000,1.775,29.23435660222889,62.20591064525505,85.52554210584307,147.70799643784807,115.63517461822141,8.540464152810681,8.85291783782705,0,2.982845729293023,8,3,6,11,1.639678943581026,100.75266181190742
1800000,1.7999999999999998,29.043592480618965,61.03402280682573,85.05064738446553,146.0313392432441,115.49637826705613,10.069780247796576,8.378023116449512,0,2.844240935032093,7,4,5,11,1.6590713001456845,100.70100120066868
1825000,1.825,28.64357977394293,59.72740148323646,85.85529825772329,145.55331774575677,115.12203103416813,8.291651673363855,9.182673989707268,0,2.7864753196874155,1,1,1,11,1.6322412935132085,99.59284825002214
1850000,1.8499999999999999,28.79059969004021,60.89683270031964,83.9370460457026,144.82689922558845,114.81299204570382,8.794869401403702,7.264421777686579,0,2.926960360647717,9,3,5,11,1.6681779987989063,99.88573148884485
1875000,1.875,28.972561096321765,58.404034237548004,85.9803545809632,144.3487045501254,115.30293140660672,9.525542425175816,9.307730312947172,0,2.84388205645698,9,4,6,8,1.6392513097968793,99.4642714383646
1900000,1.9,29.059865520803562,58.91210297976516,86.12018218421323,145.00129689234083,115.17328279270667,9.734108946928094,9.447557916197212,0,2.874094222972923,10,3,8,11,1.6276234238645333,102.35920274201875
1925000,1.9249999999999998,29.31420816906706,61.43360278078761,85.08225152187593,146.46224247580608,114.94848569537251,10.170611240629825,8.40962725385991,0,2.9205121780687584,5,2,4,12,1.671846348758693,103.79514228645458
1950000,1.95,28.913154729980807,59.9360304415297,84.69114364304633,144.4922156036923,114.27891845693675,9.243539496955544,8.018519375030309,0,3.0201074728401833,6,3,3,11,1.6609603787061762,101.46948373195968
1975000,1.9749999999999999,28.803522707857248,59.173545311903204,85.67734443556185,144.7308228441267,114.56247342305167,9.576199232049646,9.004720167545827,0,3.2379345153247123,6,3,5,10,1.640915156785871,102.99748714682299
2000000,2.0,28.859118175430552,58.868593125342976,85.94344324824772,144.55407213626972,114.41811161996995,10.729528098080591,9.270818980231695,0,3.04843391440101,7,2,5,10,1.6552414139928997,104.06827678353318
2025000,2.025,28.754540608082642,57.64663297180086,86.70308379410233,144.0332520506353,114.25645507431052,10.204247306845176,10.030459526086304,0,2.839971930102586,8,3,5,9,1.6546593237313576,103.18857453279486
2050000,2.05,28.65325925590817,57.20116999792225,86.86389428402451,143.75251836928163,114.1903737406721,9.781565014434308,10.191270016008488,0,2.9497370046010754,11,2,5,10,1.6519674029406997,103.93976071665814
2075000,2.0749999999999997,28.315421967806376,55.63585799054202,87.12102933108278,142.49152098895328,114.50157506533074,10.874236968341576,10.448405063066758,0,2.956298349316751,7,3,5,13,1.6482407480388004,105.04230752956651
2100000,2.1,27.856088097763053,54.06952562181568,87.99093083696738,141.82824565329824,114.322905412928,10.447674615028653,11.318306568951357,0,2.8788272851512753,4,2,3,10,1.6758459444387335,104.77653709984666
2125000,2.125,27.909499309213317,54.94785120187865,87.29086699380628,142.0653529577436,114.12730437938195,9.688561187563892,10.618242725790253,0,3.0849932149540455,4,2,3,12,1.629393224275415,104.35024894127565
2150000,2.15,27.923542680250094,54.81746667818875,87.22238565296215,141.7956185381643,114.07277494076156,10.698863887391429,10.549761384946123,0,2.8613271350824427,6,2,4,11,1.6363600314981512,104.2687538463609
2175000,2.175,27.60248704633497,55.05075793378156,87.18860669044813,142.02848839013834,113.95795820981347,11.11073410619702,10.515982422432103,0,2.9147318257247026,5,3,4,10,1.6299869656405443,104.74606693765581
2200000,2.1999999999999997,27.780752796085828,54.8876278575663,87.12763553359122,141.66446821909656,114.01726806512427,11.042344673178816,10.455011265575195,0,3.1218392409375006,4,3,4,10,1.6493055277552222,103.91297623185082
2225000,2.225,27.801311451694684,54.558604914020655,86.91380942128148,141.10388054973453,113.92571963770065,10.912034875989658,10.241185153265462,0,3.1567229571562536,3,2,3,10,1.6534196001772303,103.97216206074458
2250000,2.25,28.024422258418337,55.16346790184173,87.00526443344813,141.68945483411574,113.73920410467686,12.19691287933748,10.33264016543211,0,3.11575954197166,5,3,4,8,1.663096941669956,102.69386660006516
2275000,2.275,27.997064306479295,55.80080989490726,86.57866953905923,141.96484370083297,113.56481313892078,11.611649887589026,9.906045271043212,0,3.2650624922068783,3,2,3,12,1.6485403411873796,101.63606627793718
2300000,2.3,27.894576909811267,55.82816061952885,86.00787412576022,141.3045810629645,113.1588651871309,10.991414307800989,9.335249857744202,0,2.978751924959917,9,2,5,10,1.6602795624362834,100.91631206720817
2325000,2.3249999999999997,27.743790539556173,54.53143553534196,86.3825637932695,140.42196974236128,112.85164381217285,11.474500883897486,9.709939525253475,0,3.191484403650049,7,3,6,10,1.6552778739055267,101.14712126363483
2350000,2.35,27.819441889824382,54.70083682870663,86.4495387847221,140.68054947869027,112.57630360423879,11.65954490892793,9.776914516706071,0,3.047791176514663,7,2,4,10,1.6447064981796047,99.59679593696339
2375000,2.375,27.937105773091115,55.48545829630614,85.88457589584496,140.93616102558522,112.79047173463776,12.042390096070674,9.211951627828938,0,2.955135434887648,6,4,5,8,1.6521788364332843,99.62711872596303
2400000,2.4,27.81962378085916,54.758671827421004,86.34271904207954,140.7503361147387,112.82088042229337,10.485666554114776,9.670094774063514,0,2.9450562169934162,4,3,4,10,1.6471171202625878,99.97913328832453
2425000,2.425,28.066817706564294,54.91070476493072,86.23532054265183,140.67872845480846,112.716232816896,10.243353516567408,9.562696274635812,0,3.130995633800294,6,3,4,9,1.6716561982412823,99.28854949343246
2450000,2.4499999999999997,28.39945216918699,55.94174655260138,85.97912369468345,141.4565288034584,113.52028582291803,11.119629456849365,9.306499426667429,0,3.141414548617909,7,2,5,9,1.6339770997221654,100.05273164700546
2475000,2.475,28.2117722565332,55.67083670446944,85.99007438153707,141.0680321302005,113.23844242620909,12.459055202146693,9.317450113521048,0,2.890806490007876,7,3,5,10,1.6799653950692799,99.90104571895391
2500000,2.5,28.105215092901975,54.33495544280456,87.0178544466992,140.81214979805466,113.31099817068628,11.03373195582108,10.345230178683181,0,3.111596520222338,5,1,4,12,1.6307543473874524,99.13431105170481
2525000,2.525,28.357658076739284,55.609460282776276,86.83011703803905,141.52483874167342,113.21306989197116,13.144358608465236,10.157492770023026,0,3.153372541752202,6,2,5,10,1.638217816538308,99.52337496245657
2550000,2.55,28.08618595513659,55.278383856236154,87.09362931788601,141.57162132828924,113.1565698012234,11.890799972873529,10.42100504986999,0,3.4442914917836402,1,1,1,11,1.6476452670583615,99.76033299107907
2575000,2.5749999999999997,28.105849455632683,54.2968143918163,87.46492487150918,141.0685989425196,113.12524940336188,11.704685951359657,10.79230060349316,0,3.051693432741023,5,2,2,8,1.6423697416330278,98.6843152822964
2600000,2.6,28.15642924722909,54.748766797812905,86.46908280850604,140.6141322017996,113.10332011136566,11.06779038126264,9.796458540490022,0,3.302454778971136,1,1,1,10,1.6481318995543637,97.68896694163774
2625000,2.625,28.305121153690422,55.64133522745556,86.73078510342032,141.69947608345294,113.2544484780975,13.07776053919505,10.058160835404294,0,3.1676729001847495,2,1,2,9,1.659345096448119,99.21225447789894
2650000,2.65,27.964900345268035,55.14964550936221,87.09345563772158,141.6200326008813,112.91830168412719,12.08636946106521,10.420831369705553,0,3.0661621369029644,4,1,3,10,1.6544911297771823,98.31479670472432
2675000,2.675,28.07429969212554,56.07682165667114,86.57400975524274,141.84046109431435,113.05421704474307,12.738283430762195,9.901385487226719,0,3.0511918514581904,8,3,5,11,1.638645896013736,98.24712792094168
2700000,2.6999999999999997,27.708390725058553,54.56198171474893,87.0442651101883,140.79656040182215,112.73506710649643,13.382300499687773,10.371640842172283,0,3.0523288055748976,2,1,2,8,1.6789237630958018,97.61505007259497
2725000,2.725,27.502049277197024,52.97306516266823,87.17929128597915,139.3039274299048,112.49145048099692,12.840813976694218,10.506667017963125,0,3.0549892940026284,7,3,6,8,1.6596579456352087,97.25060965171542
2750000,2.75,27.744097456725935,54.427834709062815,87.11304409114248,140.96425972335138,112.78893175241666,12.395404129268668,10.440419823126462,0,2.8362899677511426,11,3,8,8,1.6737999172560951,98.8568752953814
2775000,2.775,27.831162346310425,55.521971677924206,87.68187339296314,142.618644914465,113.13223477761615,12.330244453853965,11.009249124947118,0,2.936969873885698,8,2,7,12,1.6638944081645237,99.45091197352211
2800000,2.8,27.51651096697945,54.05148748073853,88.97692627181938,142.43122762404465,113.35959145009012,11.867574450162632,12.304302003803357,0,2.856002158133805,8,2,8,8,1.6784488951075174,99.71763017609543
2825000,2.8249999999999997,27.61610597316075,54.23758160754085,88.24140059805562,141.75226321087507,113.42358041859801,12.114185338477826,11.568776330039597,0,2.9105340284960195,6,2,6,7,1.6584936575866382,100.55220856143184
2850000,2.85,27.412294736056136,52.40001353974407,88.35381565601011,140.34947503424556,112.94112282676342,10.90039854222406,11.68119138799409,0,2.9180429937227186,4,3,3,11,1.6627118673798562,100.4623704797068
2875000,2.875,27.235880365243204,53.46669573942923,88.8392670158642,141.9168586168819,113.4219323155906,11.397634719866495,12.166642747848172,0,3.046062194188585,7,2,6,8,1.667251760964362,101.13386537495288
2900000,2.9,27.484669986432557,53.855437512491555,89.10908245621555,142.61980954874772,113.45908801882813,12.528754285869233,12.436458188199524,0,2.849299368323504,8,2,7,10,1.6389967125895786,100.85216945281543
2925000,2.925,27.625857124568334,52.93436170660576,89.87771987001297,142.45606796264195,114.18590361508976,12.780518364425054,13.205095601996945,0,3.109647938066662,3,2,3,8,1.6701773991416273,101.46822150089787
2950000,2.9499999999999997,27.490208432004632,53.22285640170703,89.478851410131,142.2062754567441,113.52182766702812,12.836943965778618,12.806227142114977,0,2.87389462414876,6,3,6,8,1.668142903459301,99.57817072443338
2975000,2.9749999999999996,27.66203714261516,53.8503948024338,89.06048264563245,142.48945932703933,113.43123722379627,10.427103972873692,12.387858377616425,0,2.8659519302789707,6,3,5,9,1.6608544264335765,100.62643894277993
3000000,3.0,27.58375748961767,52.67424457202454,89.13615458696228,141.6153701590082,113.26623445738554,10.425068796130535,12.463530318946255,0,2.868392340606073,8,4,7,11,1.6630963937049938,99.75960745817451
3025000,3.025,27.55147819864155,51.49991484666954,89.47950993681849,140.56657895899363,113.02477190630967,10.306652195081949,12.806885668802465,0,2.8172162479340765,11,3,8,9,1.6583584812749639,98.86877131729462
3050000,3.05,27.966912571066718,53.193900953764015,89.48965263144089,142.36355476369604,113.68391288334448,11.061353122408907,12.817028363424868,0,2.8844975625073443,7,2,6,8,1.642895230698266,99.62489915996768
3075000,3.0749999999999997,28.094286228453402,54.3582375577995,89.22008979757136,143.2261885616151,114.0555224474284,11.074626099212676,12.547465529555339,0,2.8479691397311244,3,2,2,10,1.64253537779294,103.53718287875135
3100000,3.0999999999999996,28.546559489112195,56.02306067180673,89.04823250368341,144.7343570641399,114.17648419505177,10.201678824840506,12.375608235667386,0,3.0946124921823084,15,3,9,9,1.6602108980891688,103.90605115499312
3125000,3.125,28.621079813177694,55.19569248329837,89.3761019898203,144.3152964590246,114.40867709984957,10.784239765952677,12.703477721804276,0,2.960216431237109,14,3,8,11,1.657626984660605,103.50661800487731
3150000,3.15,28.50854397382883,55.7032705728011,88.77470654779927,144.2744215006301,114.5830664595485,12.177847691341002,12.102082279783247,0,2.7183908575824605,12,3,9,8,1.6501159272584067,104.21155189217669
3175000,3.175,28.44672106766079,57.46308337442055,87.99726466528338,145.34333671408598,114.22089791085719,12.366820536137151,11.324640397267359,0,2.5804652357202547,11,3,8,7,1.6511368953503995,102.79184581201176
3200000,3.1999999999999997,28.585767320601583,59.52310002550545,85.97302395783831,145.44360990605307,114.19076678924688,12.395541242829864,9.300399689822285,0,2.814157735761134,7,3,5,8,1.641116435036061,101.06150657133398
3225000,3.2249999999999996,28.238884344181116,58.1531168413924,86.67287566843015,144.71973239637845,113.4809838927717,11.81383270860651,10.000251400414129,0,2.6322081660155834,18,3,10,8,1.6473617093601185,102.13739042908767
3250000,3.25,27.861036877953378,56.14071628642016,86.46903323276857,142.57969585466,112.84622343574739,10.821157915817407,9.796408964752544,0,2.6883090575784876,12,3,9,6,1.643568156041529,100.07528316131231
3275000,3.275,28.061005626450896,55.9396289459146,87.22245386028376,143.0710896012816,112.92518569406406,11.45034150613296,10.549829592267741,0,2.6915284354371716,11,3,8,9,1.66529530131493,98.87653456558621
3300000,3.3,27.91489721220307,55.23241485051892,87.99723374252683,143.1158408535633,112.58967594948817,10.765740749525289,11.324609474510808,0,2.5695382474863813,12,3,8,9,1.644841291589091,98.10348593669467
3325000,3.3249999999999997,27.890481657420153,55.41595903093652,87.23722440251439,142.54088485984715,112.24470373553815,10.59479542277595,10.564600134498363,0,2.6107894378675445,12,3,11,8,1.6650784366904503,99.66815238896962
3350000,3.3499999999999996,27.844412950151874,53.62882877395076,87.70787618092905,141.1513867832851,111.88169653265433,10.362161353027535,11.035251912913026,0,2.6974234414900793,16,4,12,8,1.6545739822522427,97.54538165863214
3375000,3.375,27.98078404855347,52.98816587845816,89.43656821069982,142.05620102793202,112.43788833716668,10.908812463484619,12.763943942683795,0,2.6132377448863378,14,3,11,8,1.6403787042429696,97.91772616552807
3400000,3.4,27.852576593249932,52.46729338105007,89.93398621898169,142.11450513891836,112.22398900309116,10.56776308770416,13.261361950965664,0,2.5444258199402054,11,3,10,8,1.6504763556189341,99.71801673437419
3425000,3.425,28.09915580415896,54.35365191430773,88.70284432706666,142.93029648306523,112.64970265735839,10.678265915779733,12.030220059050635,0,2.6284198835867514,16,3,12,10,1.6356944318372728,101.0408909702885
3450000,3.4499999999999997,27.739029833123656,53.736029861122056,88.97015812794203,142.54951797193294,112.17038793765916,10.986448459738988,12.297533859926006,0,2.7335429253174754,16,3,12,9,1.6507378105584842,101.29398402906583
3475000,3.4749999999999996,27.838795751632038,54.096801824193435,88.75557318985082,142.71234272205905,112.15452644627487,9.961004837071776,12.082948921834799,0,2.5236112356320466,14,4,10,7,1.648728411048322,100.41605188148854
3500000,3.5,27.75505085079118,54.25954992442501,88.27392943136843,142.39578581149684,111.8724676127379,11.926601443602006,11.601305163352407,0,2.7350821402584353,16,4,11,8,1.6336488040477468,100.34408215667406
3525000,3.525,27.927457403272964,54.390959748342,88.23388674227641,142.50926289157402,112.39814883541084,11.47996303407843,11.561262474260388,0,2.708868519697622,10,3,6,7,1.6709379575792642,100.47394756175069
3550000,3.55,27.9497864620478,54.57689652572322,87.73348194745802,142.16783628455516,112.31305977670917,11.002223626153254,11.060857679441995,0,2.8389762413361215,18,3,11,10,1.648516882969947,99.00525968986416
3575000,3.5749999999999997,27.863822997676984,54.63379887694519,87.16556357683417,141.65867922974357,112.44620400006644,12.357461910601062,10.492939308818151,0,2.6237888571747248,9,3,7,10,1.643441896204199,101.93463716539728
3600000,3.5999999999999996,27.663882715464045,55.0248470788033,87.55098880486148,142.41931818985478,111.9908873446343,11.69106878809971,10.878364536845453,0,2.644654152013133,17,3,13,9,1.6562823706368206,101.51195976959225
3625000,3.625,27.61592384817818,56.0780949408717,86.47707898020616,142.39604462508086,111.92896061798058,11.235313468291405,9.804454712190136,0,2.6585479591591317,12,3,10,9,1.6555221046564388,100.55145210018046
3650000,3.65,27.607224387274478,56.062817888666125,86.27215636601375,142.19302917789958,111.72433187407685,10.442253332374396,9.599532097997724,0,2.6519764843467835,14,3,11,8,1.6686877095504997,100.87166231351296
3675000,3.675,27.793918952010785,53.25241475663957,87.62807643770094,140.66989112406267,111.71931546081277,9.657944355659815,10.955452169684918,0,2.6175351443264,18,3,15,3,1.660514309992567,98.720819598478
3700000,3.6999999999999997,27.414532296635482,53.3791874016621,87.7020174503188,140.921001383574,111.45104941581207,9.562301512601604,11.029393182302783,0,2.6762892213420013,12,3,9,7,1.6507146281670786,98.78375545674142
3725000,3.7249999999999996,26.91929644420993,53.28702948028798,87.8848807174785,141.02122033200723,111.13373085201877,10.226487749608006,11.212256449462473,0,2.5830789159668606,15,3,13,8,1.6680726051983708,100.08700489708605
3750000,3.75,26.695386308153964,50.4823426686916,88.8733813925548,139.12775391266555,110.53307916770318,10.019787049729338,12.200757124538782,0,2.6094720103518427,12,3,11,7,1.6670293635783993,99.8822494667267
3775000,3.775,27.05944017736571,53.27012833477113,87.736241337304,140.7541181197547,110.74370805810885,10.662170944534218,11.063617069287972,0,2.813459430317802,9,2,8,10,1.6328543678619114,97.89336325521195
3800000,3.8,26.812195238779477,52.190917805861424,87.52312960551629,139.44015580785458,110.19198334660842,10.570223540857816,10.850505337500266,0,2.6897863397297246,13,3,10,7,1.6664006786779306,99.90921040858149
3825000,3.8249999999999997,26.744211880365132,52.424775973928035,87.22602929023745,139.41917002733658,110.18461177197639,10.654387643661831,10.553405022221426,0,2.8750605082597778,9,3,8,11,1.6672109843258809,101.7498082236835
3850000,3.8499999999999996,26.76588054731596,52.03767459212552,87.66872249602477,139.4384769817636,110.1117716441309,10.298536806998886,10.996098228008748,0,2.509998426150707,16,3,13,9,1.646419467484518,101.10912181448876
3875000,3.875,26.83838956346049,51.46291281985351,87.622853412728,138.75467262817136,110.19379339049408,11.47676069054964,10.950229144711983,0,2.650905603214816,13,3,10,10,1.6434519826249259,99.95403201343854
3900000,3.9,26.902330014892907,53.15881553712232,85.95081834628247,138.75905951813806,109.95162759275883,12.435829399225941,9.278194078266452,0,2.7254525597750674,13,3,10,14,1.665947858597192,100.9126281639584
3925000,3.925,26.971147227460914,52.048103709580346,86.39932637873379,138.01951276107806,109.63309190077264,12.653906751045808,9.726702110717767,0,2.675222888491002,14,3,11,11,1.6510127206407286,99.17125056978827
3950000,3.9499999999999997,26.94345477880097,53.19681176422029,85.29151517055917,138.291879198451,109.44568548003053,10.90758413552452,8.618890902543143,0,2.724921208692877,13,3,11,11,1.6548147881825594,99.25563390963389
3975000,3.9749999999999996,27.102131877847086,51.82833697826934,87.10112965009554,138.63765956891112,109.86606203440735,10.040560861116779,10.428505382079521,0,2.795291410258083,12,3,10,4,1.631042319069212,99.8562698577263
4000000,4.0,26.970749051035906,51.45754007206655,88.39557381873769,139.76009001054587,110.43949030844075,10.548121113103898,11.722949550721665,0,2.8130990562313842,12,3,8,8,1.6571193374805733,98.40071190607594
4025000,4.0249999999999995,27.194664217972328,51.158918782177295,89.03931907733102,140.0542870924987,110.72198648667793,9.73120996226112,12.366694809314993,0,2.786115520304909,20,3,12,7,1.6379911040744533,97.5708588144711
4050000,4.05,27.444375416053415,52.40037159215311,87.91421840327806,140.17166974502524,110.52874897569404,9.805120052950087,11.241594135262034,0,2.789095435221146,13,3,10,9,1.6421545721107298,98.26426644524928
4075000,4.075,27.492563384503672,51.84249155769779,88.65321539635595,140.36189392782762,110.76186274226748,9.348635079938433,11.980591128339924,0,2.78273818136123,12,3,10,8,1.6532411698983467,99.4327406308629
4100000,4.1,27.705844108122214,52.51782499302091,89.0487643956584,141.42208953731887,110.88153660267622,9.690648178001602,12.376140127642373,0,2.7841018221939287,16,3,11,7,1.6483411318018446,100.17822744729455
4125000,4.125,27.809999480741094,53.46946103758241,88.19361083816045,141.62766582921356,111.26393846970461,11.19728592938597,11.52098657014443,0,2.556136528133217,14,3,10,7,1.6538559697890016,101.69364211187855
4150000,4.1499999999999995,27.80350083139403,53.981247878636445,87.69197855097454,141.65262839281195,110.99439522815618,10.525388878022934,11.019354282958517,0,2.623070643919302,12,3,8,8,1.6562066325461813,103.53578000388951
4175000,4.175,27.435617196072563,52.555452898360166,88.3380680342882,140.89225771529237,110.97037543855014,10.369287123395559,11.665443766272176,0,2.5812239774403802,12,3,10,5,1.6492172603344648,102.68843673820011
4200000,4.2,27.36037899042675,52.284546366254304,89.3689629852314,141.6505007220081,111.27167934361003,10.095521200363997,12.696338717215383,0,2.7346465962225612,8,3,7,6,1.6301167149953009,102.10013960042635
4225000,4.225,27.498648557253656,51.124750155781335,90.06328111865085,141.18528447056093,111.47982882254746,10.540559962411049,13.390656850634826,0,2.74243275603897,11,3,7,6,1.6682583524789933,101.37180348304722
4250000,4.25,27.302957929661954,49.60885677602885,90.74647776405828,140.34835725342427,111.6447902935766,11.330120585021222,14.073853496042261,0,2.663764785137221,17,3,12,6,1.6653713847701792,102.99139246828575
4275000,4.2749999999999995,27.35265472796691,49.9046792624775,90.40440760773654,140.30549060296673,111.3773094662006,12.379338081056286,13.731783339720522,0,2.618245558433442,12,3,8,6,1.6489435057336002,102.31990192195337
4300000,4.3,27.322104644607027,51.114254348660175,89.05522862821088,140.16590367587418,111.39094695416871,11.723021294234293,12.382604360194861,0,2.642709106789319,12,3,8,9,1.6455853537537604,102.0294727206563
4325000,4.325,27.487884201668408,51.152768054925836,89.28255611681998,140.4261576905403,111.64215223045805,11.636816040084385,12.609931848803953,0,2.713408361640071,12,2,8,7,1.6371014092259857,101.3101897015767
4350000,4.35,27.288694299639754,51.924151723362364,87.97342978300915,139.84928248589995,111.15154606702936,10.182421958954512,11.30080551499313,0,2.7830791759747173,14,2,12,9,1.6485594322585595,102.18809073794606
4375000,4.375,26.855331462686216,50.23273347281125,89.20463126648482,139.30028172525562,111.05261094899245,9.418548212046872,12.532006998468802,0,2.809637038499213,12,3,10,9,1.6701501162872339,103.43474354286627
4400000,4.3999999999999995,27.070331176397787,51.398356566073325,88.98714619707062,140.193841795048,111.29429229620604,9.305073291095596,12.314521929054592,0,2.6350669193251455,15,3,9,9,1.664872812299125,102.48568596549978
4425000,4.425,27.293660990138758,52.52186238223104,88.51272946495556,140.78817785857387,110.88308798399456,8.874227290429655,11.840105196939533,0,2.6851104572223146,12,3,9,9,1.658374064912336,101.23612405624522
4450000,4.45,27.391766230468072,52.47493627915521,89.698782954877,141.8569218715788,111.55273247370208,9.453882392715503,13.026158686860981,0,2.8751201786731104,8,2,6,11,1.6520758819463108,100.30626148016552
4475000,4.475,27.51163389572387,54.00088237020079,89.46684977738599,143.22358918258715,111.53290090485204,9.215148338470842,12.794225509369966,0,2.8416217865552644,9,2,6,9,1.6582692575269993,100.84379911099053
4500000,4.5,27.31451196008031,53.468372314769994,89.32824883235067,142.69421371507707,111.2496964018744,9.94695277410405,12.655624564334644,0,2.691997503844974,13,2,10,7,1.6576631134391508,101.65366210489562
4525000,4.5249999999999995,27.216086123650378,52.59434962320646,90.15198995517133,142.4067757430554,111.15666025491635,8.588233287214452,13.479365687155308,0,2.7354778521427927,9,2,8,7,1.6535667465201,99.70029794966811
4550000,4.55,26.98434194849623,51.309413961425626,90.58205101840795,141.5341332747919,111.02379896441683,8.675916128155412,13.90942675039193,0,2.7254395142720385,9,2,9,13,1.6707451914391742,97.81262174004414
4575000,4.575,27.159371081613738,52.16372513591889,89.81766655320344,141.66321514900176,110.90231076073422,8.442636553913909,13.145042285187415,0,2.777930619455584,11,2,9,6,1.642213716464771,99.73349506160604
4600000,4.6,27.222239439035803,52.27639161292877,88.78631746151784,140.869251906566,110.43516059535287,9.179961680806736,12.113693193501817,0,3.1317163217504755,10,2,10,8,1.6377364583426752,99.76307283512504
4625000,4.625,27.220784531585423,52.546333833087395,88.50865680777201,140.8700993611251,110.56368260244884,9.392146513466933,11.83603253975599,0,2.9131115923896953,13,2,9,8,1.6491310940445683,99.82176109721637
4650000,4.6499999999999995,27.52407203722971,54.43890527051266,88.76271831940974,142.59956705201714,110.75088867878874,7.328930987446955,12.09009405139372,0,2.721981147525299,11,2,9,9,1.6373791817752215,99.34500241671617
4675000,4.675,27.8358823906504,54.69921172580135,88.92137342150642,142.72507109968404,110.81274609687482,6.541923664935499,12.248749153490394,0,3.1004525294065712,5,2,4,6,1.6641752056110668,100.53855595767625
4700000,4.7,27.808780073659012,55.81382315372096,88.52850253035064,143.60351424520687,110.85502426533817,7.263463833780018,11.855878262334613,0,2.6318098463512913,9,2,8,6,1.665176122600213,101.09506589438621
4725000,4.725,27.326969322649617,55.191557728295585,88.4362370732726,142.77235415368466,110.39617073803478,7.102276542341273,11.763612805256571,0,2.6413662219002325,10,2,9,6,1.6631104736102373,101.27481954613167
4750000,4.75,27.3375966711877,55.246394121323306,87.91936019356034,142.43053900969858,110.461468666986,6.874472930215978,11.246735925544314,0,2.7434593813595702,11,3,8,8,1.6323289215383319,101.05810229163998
4775000,4.7749999999999995,27.08863172850545,55.0193471209483,87.78285000112419,142.1873663671722,110.00196293779562,6.5224108766910325,11.110225733108166,0,2.8204830055751366,11,2,9,6,1.6456357281559273,101.97614492629461
4800000,4.8,26.850881587496715,54.416880144737384,87.92868026656855,141.78238565295197,110.24058390121151,6.66620108973358,11.256055998552526,0,2.7397736205223415,10,2,10,6,1.65211078085307,100.29412212375468
4825000,4.825,27.12588638742486,55.012864224101676,88.22978715335313,142.14747898504595,110.56326119808354,5.496134523418014,11.557162885337107,0,2.671479914082621,8,2,6,5,1.6368076365525985,103.5996102796552
4850000,4.85,27.18843378861017,54.88847638304871,88.43468641428522,142.41839552473908,110.52788531947687,5.992227898737902,11.762062146269201,0,2.7827889309314364,15,2,10,7,1.658716731330767,103.93423988926692
4875000,4.875,27.41033072205364,54.87160234803326,89.40667896716896,143.292548162755,110.34407904211008,6.069031747021727,12.734054699152935,0,2.9880182695537303,11,3,10,6,1.655278593185021,102.74479733010432
4900000,4.8999999999999995,27.50096587208345,56.4412530212532,87.99707622282119,143.35863809552677,109.74282393083175,5.8667441112472805,11.32445195480517,0,2.941918393453086,11,2,8,7,1.6497631290627277,104.37891609529458
4925000,4.925,27.23758657084424,55.66194524658837,88.23452344454608,142.78915518345886,110.06753948785975,5.627398958157632,11.561899176530062,0,2.842305501898144,9,2,5,8,1.6528704292422565,104.19322732838968
4950000,4.95,27.164166699717892,54.547110468583675,88.67912851568195,141.82559443144152,110.28687554304574,4.366466895420134,12.00650424766593,0,2.816627768132923,7,3,6,9,1.6609549550103693,105.13261165308674
4975000,4.975,27.101477704240065,55.77426509729388,88.12662062555543,142.66807259975963,110.43229859039312,5.613529869362396,11.45399635753941,0,2.6680295417138487,10,3,7,9,1.647098174475333,105.14696340813339
5000000,5.0,26.864544517977844,54.9232621982241,88.25947906163324,141.91818348732957,110.33034621454192,4.9297671964162335,11.58685479361722,0,2.7212872752047037,15,3,9,9,1.6634492451482064,105.8873652544046
