resid,mean_sasa_A2,unstacked_fraction,mean_chi_deg,chi_sd_deg,syn_like_fraction
1,123.8812801361084,1.0,-89.19709415435791,22.48800528438162,0.6
2,152.4031162261963,1.0,-95.77983112335205,31.780993464513298,0.55
3,136.55122337341308,1.0,-75.24933204650878,15.479828189337436,0.8
4,138.46356048583985,0.0,-108.66018447875976,21.487050220848527,0.1
5,59.93193473815918,0.0,-139.5371295928955,9.587227441722106,0.0
6,132.42327117919922,0.0,-145.34339599609376,8.209872920740883,0.0
7,55.557956027984616,1.0,-110.70772323608398,98.66968458348073,0.05
8,113.87892684936523,1.0,-129.84779205322266,23.285984528150102,0.05
9,93.47235002517701,0.9,-123.86746101379394,25.296692342863306,0.05
10,101.56204338073731,0.9,-78.73768424987793,17.5174457450557,0.8
11,124.46532821655273,1.0,-125.12788734436035,30.768304625953093,0.2
12,168.82775650024413,1.0,-116.86356353759766,22.816968435769063,0.15
13,133.88276329040528,1.0,-104.78373756408692,22.947580303241764,0.2
14,199.07495651245117,1.0,-103.00652122497559,29.18988689499704,0.4
15,102.05357131958007,1.0,-123.46938591003418,15.89549242510024,0.0
16,68.42235193252563,1.0,-107.11561317443848,16.253791055935494,0.2
17,101.48157958984375,1.0,-106.75777702331543,12.030335948960289,0.05
18,117.51706237792969,1.0,-78.40574417114257,17.13843915529804,0.8
19,147.0705223083496,1.0,-71.21098976135254,13.961762271168608,0.9
20,69.13811721801758,1.0,54.68101196289062,8.465404924120786,1.0
21,118.56259384155274,1.0,-106.3931827545166,11.791093892995837,0.1
22,22.302251482009886,1.0,-126.90269088745117,10.239425173571975,0.0
23,109.71720833778382,1.0,-104.14698009490967,21.89021298766127,0.3
24,44.249332427978516,1.0,-126.54784927368163,14.80964771307642,0.0
25,163.83905639648438,1.0,-129.94539413452148,26.1072115414853,0.1
26,185.73716354370117,1.0,-98.24684295654296,17.762647494346183,0.3
27,150.14165344238282,1.0,-103.49428691864014,23.69749425709487,0.3
28,71.51370162963867,1.0,-86.98543090820313,20.135050913839628,0.6
29,152.79491271972657,1.0,-117.467818069458,31.063731503270894,0.25
30,125.08232192993164,1.0,-104.05218696594238,25.213907093296584,0.35
31,33.50505170822144,1.0,-98.32920608520507,17.285842516758276,0.35
32,127.4307014465332,1.0,-52.9856876373291,9.930094629605296,1.0
33,155.47794647216796,1.0,-133.59859466552734,15.290938850293076,0.0
34,75.29440765380859,1.0,-80.78352146148681,22.694919781693297,0.7
35,179.81267623901368,1.0,-113.10155982971192,26.875679037823954,0.25
36,60.856553649902345,1.0,-124.04217109680175,14.86070180192709,0.0
37,96.2033016204834,1.0,-100.16379432678222,22.360335830357826,0.35
38,107.16529006958008,1.0,-107.1670461654663,21.85519286174034,0.1
39,138.77807655334473,1.0,-99.81009483337402,17.43602879974122,0.25
40,123.3155559539795,1.0,-106.08375701904296,12.798064839150472,0.05
